FULL_CODE,PAR_CODE,PAR_NAME,DUN_CODE,DUN_NAME,DM_CODE,DM_NAME,POPULATION
192/01/01,192,MAS GADING,01,Opar,01,Sebiris,348
192/01/02,192,MAS GADING,01,Opar,02,Jangkar,642
192/01/03,192,MAS GADING,01,Opar,03,Sebandi,287
192/01/04,192,MAS GADING,01,Opar,04,Temaga,486
192/01/05,192,MAS GADING,01,Opar,05,Stungkor,397
192/01/06,192,MAS GADING,01,Opar,06,Opar,920
192/01/07,192,MAS GADING,01,Opar,07,Serayan,605
192/01/08,192,MAS GADING,01,Opar,08,Rukam,402
192/01/09,192,MAS GADING,01,Opar,09,Sembawang,450
192/01/10,192,MAS GADING,01,Opar,10,Kandaie,261
192/01/11,192,MAS GADING,01,Opar,11,Pasir Tengah,183
192/01/12,192,MAS GADING,01,Opar,12,Sedaing,72
192/01/13,192,MAS GADING,01,Opar,13,Biawak,287
192/01/14,192,MAS GADING,01,Opar,14,Senibong,431
192/01/15,192,MAS GADING,01,Opar,15,Sebako,457
192/01/16,192,MAS GADING,01,Opar,16,Raso,121
192/01/17,192,MAS GADING,01,Opar,17,Raso II,213
192/01/18,192,MAS GADING,01,Opar,18,Bokah,354
192/01/19,192,MAS GADING,01,Opar,19,Stom Muda,227
192/01/20,192,MAS GADING,01,Opar,20,Selampit,0688
192/01/21,192,MAS GADING,01,Opar,21,Jugan,592
192/01/22,192,MAS GADING,01,Opar,22,Stenggang,1108
192/02/01,192,MAS GADING,02,Tasik Biru,01,Sajong,942
192/02/02,192,MAS GADING,02,Tasik Biru,02,Apar,882
192/02/03,192,MAS GADING,02,Tasik Biru,03,Buso,745
192/02/04,192,MAS GADING,02,Tasik Biru,04,Tondong,571
192/02/05,192,MAS GADING,02,Tasik Biru,05,Grogo,449
192/02/06,192,MAS GADING,02,Tasik Biru,06,Bau,2689
192/02/07,192,MAS GADING,02,Tasik Biru,07,Skiat,937
192/02/08,192,MAS GADING,02,Tasik Biru,08,Jagoi,608
192/02/09,192,MAS GADING,02,Tasik Biru,09,Daun,738
192/02/10,192,MAS GADING,02,Tasik Biru,10,Tanjong Poting,703
192/02/11,192,MAS GADING,02,Tasik Biru,11,Atas,518
192/02/12,192,MAS GADING,02,Tasik Biru,12,Barieng,206
192/02/13,192,MAS GADING,02,Tasik Biru,13,Sudoh,461
192/02/14,192,MAS GADING,02,Tasik Biru,14,Segong,677
192/02/15,192,MAS GADING,02,Tasik Biru,15,Musi,233
192/02/16,192,MAS GADING,02,Tasik Biru,16,Suba Buan,0352
192/02/17,192,MAS GADING,02,Tasik Biru,17,Suba Bau,431
192/02/18,192,MAS GADING,02,Tasik Biru,18,Sibuloh,631
192/02/19,192,MAS GADING,02,Tasik Biru,19,Sebuku,407
192/02/20,192,MAS GADING,02,Tasik Biru,20,Tai Ton,527
192/02/21,192,MAS GADING,02,Tasik Biru,21,Stass,699
192/02/22,192,MAS GADING,02,Tasik Biru,22,Skibang,416
192/02/23,192,MAS GADING,02,Tasik Biru,23,Sibobog,283
192/02/24,192,MAS GADING,02,Tasik Biru,24,Serasot,675
192/02/25,192,MAS GADING,02,Tasik Biru,25,Serikin,406
192/02/26,192,MAS GADING,02,Tasik Biru,26,Bogag,0454
193/03/01,193,SANTUBONG,03,Tanjong Batu,01,Telok Melano,155
193/03/02,193,SANTUBONG,03,Tanjong Batu,02,Pueh,0565
193/03/03,193,SANTUBONG,03,Tanjong Batu,03,Sebat,497
193/03/04,193,SANTUBONG,03,Tanjong Batu,04,Sematan,1068
193/03/05,193,SANTUBONG,03,Tanjong Batu,05,Seling,975
193/03/06,193,SANTUBONG,03,Tanjong Batu,06,Stunggang,1082
193/03/07,193,SANTUBONG,03,Tanjong Batu,07,Lundu,1909
193/03/08,193,SANTUBONG,03,Tanjong Batu,08,Perigi,175
193/03/09,193,SANTUBONG,03,Tanjong Batu,09,Sekambal,500
193/03/10,193,SANTUBONG,03,Tanjong Batu,10,Bajo,0343
193/03/11,193,SANTUBONG,03,Tanjong Batu,11,Kg  Sebemban,0362
193/03/12,193,SANTUBONG,03,Tanjong Batu,12,Temelan,360
193/03/13,193,SANTUBONG,03,Tanjong Batu,13,Sampadi,634
193/03/14,193,SANTUBONG,03,Tanjong Batu,14,Stoh,263
193/03/15,193,SANTUBONG,03,Tanjong Batu,15,Rambungan,413
193/04/01,193,SANTUBONG,04,Pantai Damai,01,Telaga Air,1237
193/04/02,193,SANTUBONG,04,Pantai Damai,02,Salak,329
193/04/03,193,SANTUBONG,04,Pantai Damai,03,Temenggong,345
193/04/04,193,SANTUBONG,04,Pantai Damai,04,Jaya Bakti,0191
193/04/05,193,SANTUBONG,04,Pantai Damai,05,Santubong,922
193/04/06,193,SANTUBONG,04,Pantai Damai,06,Buntal,1624
193/04/07,193,SANTUBONG,04,Pantai Damai,07,Rampangi,2474
193/04/08,193,SANTUBONG,04,Pantai Damai,08,Sejinjang,662
193/04/09,193,SANTUBONG,04,Pantai Damai,09,Astana,3202
193/04/10,193,SANTUBONG,04,Pantai Damai,10,Demak Baru,481
193/04/11,193,SANTUBONG,04,Pantai Damai,11,Semarang,2031
193/04/12,193,SANTUBONG,04,Pantai Damai,12,Bintawa,2662
193/05/01,193,SANTUBONG,05,Demak Laut,01,Tanjong Embang,833
193/05/02,193,SANTUBONG,05,Demak Laut,02,Muara Tebas,973
193/05/03,193,SANTUBONG,05,Demak Laut,03,Geobilt,539
193/05/04,193,SANTUBONG,05,Demak Laut,04,Bako,1999
193/05/05,193,SANTUBONG,05,Demak Laut,05,Sejingkat,1147
193/05/06,193,SANTUBONG,05,Demak Laut,06,Senari,469
193/05/07,193,SANTUBONG,05,Demak Laut,07,Tanjong Bako,450
193/05/08,193,SANTUBONG,05,Demak Laut,08,Pinggan Jaya,563
193/05/09,193,SANTUBONG,05,Demak Laut,09,Tabuan Melayu,3627
193/05/10,193,SANTUBONG,05,Demak Laut,10,Muara Tabuan,0381
193/05/11,193,SANTUBONG,05,Demak Laut,11,Tabuan Hulu,1384
194/06/01,194,PETRA JAYA,06,Tupong,01,Tupong,1896
194/06/02,194,PETRA JAYA,06,Tupong,02,Gita,04058
194/06/03,194,PETRA JAYA,06,Tupong,03,Sungai Tengah,4170
194/06/04,194,PETRA JAYA,06,Tupong,04,Rahmat,1140
194/06/05,194,PETRA JAYA,06,Tupong,05,Sinjan,1192
194/06/06,194,PETRA JAYA,06,Tupong,06,Sejoli,1385
194/06/07,194,PETRA JAYA,06,Tupong,07,Paroh,499
194/06/08,194,PETRA JAYA,06,Tupong,08,Matang,5396
194/06/09,194,PETRA JAYA,06,Tupong,09,Sri Wangi,977
194/07/01,194,PETRA JAYA,07,Samariang,01,Samariang,2622
194/07/02,194,PETRA JAYA,07,Samariang,02,Lintang,1755
194/07/03,194,PETRA JAYA,07,Samariang,03,Kandis,2840
194/07/04,194,PETRA JAYA,07,Samariang,04,Semerah Padi,2730
194/07/05,194,PETRA JAYA,07,Samariang,05,Sukma,2819
194/07/06,194,PETRA JAYA,07,Samariang,06,Kampong  Tunku,2344
194/07/07,194,PETRA JAYA,07,Samariang,07,Bedil,1156
194/07/08,194,PETRA JAYA,07,Samariang,08,Astana Lot,1428
194/08/01,194,PETRA JAYA,08,Satok,01,Segedup,1258
194/08/02,194,PETRA JAYA,08,Satok,02,Patingan,635
194/08/03,194,PETRA JAYA,08,Satok,03,Satok,2522
194/08/04,194,PETRA JAYA,08,Satok,04,Masjid,1065
194/08/05,194,PETRA JAYA,08,Satok,05,Maderasah,102
194/08/06,194,PETRA JAYA,08,Satok,06,Reservoir,1207
194/08/07,194,PETRA JAYA,08,Satok,07,Nanas,4049
194/08/08,194,PETRA JAYA,08,Satok,08,Patinggi Ali,2742
195/09/01,195,BANDAR KUCHING,09,Padungan,01,Market,2525
195/09/02,195,BANDAR KUCHING,09,Padungan,02,Bazaar,02485
195/09/03,195,BANDAR KUCHING,09,Padungan,03,Padungan,1851
195/09/04,195,BANDAR KUCHING,09,Padungan,04,Abell,2464
195/09/05,195,BANDAR KUCHING,09,Padungan,05,Deshon,3255
195/09/06,195,BANDAR KUCHING,09,Padungan,06,Sekama,1125
195/09/07,195,BANDAR KUCHING,09,Padungan,07,Bukit Tuan,1839
195/09/08,195,BANDAR KUCHING,09,Padungan,08,Kinyang,658
195/09/09,195,BANDAR KUCHING,09,Padungan,09,Ellis,1288
195/09/10,195,BANDAR KUCHING,09,Padungan,10,Ban Hock,1928
195/09/11,195,BANDAR KUCHING,09,Padungan,11,Lumba Kuda,881
195/09/12,195,BANDAR KUCHING,09,Padungan,12,Central,939
195/09/13,195,BANDAR KUCHING,09,Padungan,13,Petanak,1635
195/10/01,195,BANDAR KUCHING,10,Pending,01,Pending,9834
195/10/02,195,BANDAR KUCHING,10,Pending,02,Foochow,8790
195/10/03,195,BANDAR KUCHING,10,Pending,03,Kenyalang,5699
195/10/04,195,BANDAR KUCHING,10,Pending,04,Supreme,1571
195/10/05,195,BANDAR KUCHING,10,Pending,05,Chong Kiun Kong,2434
195/10/06,195,BANDAR KUCHING,10,Pending,06,Chawan,1691
195/10/07,195,BANDAR KUCHING,10,Pending,07,Simpang Tiga,0862
195/11/01,195,BANDAR KUCHING,11,Batu Lintang,01,Pisang,1093
195/11/02,195,BANDAR KUCHING,11,Batu Lintang,02,Batu Lintang,5645
195/11/03,195,BANDAR KUCHING,11,Batu Lintang,03,Star Garden,2100
195/11/04,195,BANDAR KUCHING,11,Batu Lintang,04,Poh Kwong Park,3200
195/11/05,195,BANDAR KUCHING,11,Batu Lintang,05,Sky Garden,1297
195/11/06,195,BANDAR KUCHING,11,Batu Lintang,06,Bukit Kenny,658
195/11/07,195,BANDAR KUCHING,11,Batu Lintang,07,Tabuan Dayak,1319
195/11/08,195,BANDAR KUCHING,11,Batu Lintang,08,Tabuan Jaya,6651
195/11/09,195,BANDAR KUCHING,11,Batu Lintang,09,Tabuan Laru,2677
196/12/01,196,STAMPIN,12,Kota Sentosa,01,Stampin,3460
196/12/02,196,STAMPIN,12,Kota Sentosa,02,Seledah,02672
196/12/03,196,STAMPIN,12,Kota Sentosa,03,Satria Jaya,3950
196/12/04,196,STAMPIN,12,Kota Sentosa,04,Batu Tujoh,8274
196/12/05,196,STAMPIN,12,Kota Sentosa,05,Hui Sing,2891
196/13/01,196,STAMPIN,13,Batu Kitang,01,Arang,2979
196/13/02,196,STAMPIN,13,Batu Kitang,02,Pasar Maong,3048
196/13/03,196,STAMPIN,13,Batu Kitang,03,Batu Empat,3963
196/13/04,196,STAMPIN,13,Batu Kitang,04,Haji Baki,3027
196/13/05,196,STAMPIN,13,Batu Kitang,05,Kitang,7090
196/14/01,196,STAMPIN,14,Batu Kawah,01,Maong,1577
196/14/02,196,STAMPIN,14,Batu Kawah,02,Nanas-Pisang,2021
196/14/03,196,STAMPIN,14,Batu Kawah,03,RPR Batu Kawah,204
196/14/04,196,STAMPIN,14,Batu Kawah,04,Kawah,1702
196/14/05,196,STAMPIN,14,Batu Kawah,05,Stapok,11265
196/14/06,196,STAMPIN,14,Batu Kawah,06,Sin San Tu,1743
196/14/07,196,STAMPIN,14,Batu Kawah,07,Kim Chu Shin,1131
197/15/01,197,KOTA SAMARAHAN,15,Asajaya,01,Beliong,455
197/15/02,197,KOTA SAMARAHAN,15,Asajaya,02,Tanjung Apong,0547
197/15/03,197,KOTA SAMARAHAN,15,Asajaya,03,Tambirat,1516
197/15/04,197,KOTA SAMARAHAN,15,Asajaya,04,Tambey,404
197/15/05,197,KOTA SAMARAHAN,15,Asajaya,05,Sui,86
197/15/06,197,KOTA SAMARAHAN,15,Asajaya,06,Sambir,830
197/15/07,197,KOTA SAMARAHAN,15,Asajaya,07,Sebandi Matang,504
197/15/08,197,KOTA SAMARAHAN,15,Asajaya,08,Sebandi Ulu,500
197/15/09,197,KOTA SAMARAHAN,15,Asajaya,09,Subi,111
197/15/10,197,KOTA SAMARAHAN,15,Asajaya,10,Moyan,1134
197/15/11,197,KOTA SAMARAHAN,15,Asajaya,11,Reba,466
197/15/12,197,KOTA SAMARAHAN,15,Asajaya,12,Moyan Ulu,167
197/15/13,197,KOTA SAMARAHAN,15,Asajaya,13,Moyan Ledang,208
197/15/14,197,KOTA SAMARAHAN,15,Asajaya,14,Serpan,745
197/15/15,197,KOTA SAMARAHAN,15,Asajaya,15,Serpan Ulu,171
197/15/16,197,KOTA SAMARAHAN,15,Asajaya,16,Asajaya,1339
197/15/17,197,KOTA SAMARAHAN,15,Asajaya,17,Asajaya Laut,760
197/15/18,197,KOTA SAMARAHAN,15,Asajaya,18,Tebun,245
197/15/19,197,KOTA SAMARAHAN,15,Asajaya,19,Sampun,518
197/16/01,197,KOTA SAMARAHAN,16,Muara Tuang,01,Empila,3751
197/16/02,197,KOTA SAMARAHAN,16,Muara Tuang,02,Tanju,121
197/16/03,197,KOTA SAMARAHAN,16,Muara Tuang,03,Batu Blat,1496
197/16/04,197,KOTA SAMARAHAN,16,Muara Tuang,04,Tuang,5225
197/16/05,197,KOTA SAMARAHAN,16,Muara Tuang,05,Semaran,1422
197/16/06,197,KOTA SAMARAHAN,16,Muara Tuang,06,Ladang Samarahan,2171
197/16/07,197,KOTA SAMARAHAN,16,Muara Tuang,07,Melaban,1376
197/17/01,197,KOTA SAMARAHAN,17,Stakan,01,Merdang,1688
197/17/02,197,KOTA SAMARAHAN,17,Stakan,02,Quop,1114
197/17/03,197,KOTA SAMARAHAN,17,Stakan,03,Sidanu,2512
197/17/04,197,KOTA SAMARAHAN,17,Stakan,04,Pengkalan Kuap,747
197/17/05,197,KOTA SAMARAHAN,17,Stakan,05,Stakan,6700
198/18/01,198,PUNCAK BORNEO,18,Serembu,01,Siniawan,1084
198/18/02,198,PUNCAK BORNEO,18,Serembu,02,Kranji,0359
198/18/03,198,PUNCAK BORNEO,18,Serembu,03,Kopit,628
198/18/04,198,PUNCAK BORNEO,18,Serembu,04,Krokong,782
198/18/05,198,PUNCAK BORNEO,18,Serembu,05,Podam,442
198/18/06,198,PUNCAK BORNEO,18,Serembu,06,Peninjau Baru,451
198/18/07,198,PUNCAK BORNEO,18,Serembu,07,Merembeh,255
198/18/08,198,PUNCAK BORNEO,18,Serembu,08,Kandis,395
198/18/09,198,PUNCAK BORNEO,18,Serembu,09,Sungai Pinang,0391
198/18/10,198,PUNCAK BORNEO,18,Serembu,10,Paku,404
198/18/11,198,PUNCAK BORNEO,18,Serembu,11,Tanjung Durian,464
198/18/12,198,PUNCAK BORNEO,18,Serembu,12,Lidah Tanah,712
198/18/13,198,PUNCAK BORNEO,18,Serembu,13,Seropak,237
198/18/14,198,PUNCAK BORNEO,18,Serembu,14,Seromah,389
198/18/15,198,PUNCAK BORNEO,18,Serembu,15,Segubang,260
198/18/16,198,PUNCAK BORNEO,18,Serembu,16,Sogo,557
198/18/17,198,PUNCAK BORNEO,18,Serembu,17,Rabak Rotan,206
198/18/18,198,PUNCAK BORNEO,18,Serembu,18,Pangkalan Tebang,191
198/18/19,198,PUNCAK BORNEO,18,Serembu,19,Monggak,413
198/18/20,198,PUNCAK BORNEO,18,Serembu,20,Blimbin,323
198/18/21,198,PUNCAK BORNEO,18,Serembu,21,Gumbang,376
198/18/22,198,PUNCAK BORNEO,18,Serembu,22,Padang Pan,205
198/18/23,198,PUNCAK BORNEO,18,Serembu,23,Puak Krokong,153
198/19/01,198,PUNCAK BORNEO,19,Mambong,01,Mambong,553
198/19/02,198,PUNCAK BORNEO,19,Mambong,02,Siburan,4518
198/19/03,198,PUNCAK BORNEO,19,Mambong,03,Braang,440
198/19/04,198,PUNCAK BORNEO,19,Mambong,04,Duras,358
198/19/05,198,PUNCAK BORNEO,19,Mambong,05,Pulasar,966
198/19/06,198,PUNCAK BORNEO,19,Mambong,06,Nyiru,0325
198/19/07,198,PUNCAK BORNEO,19,Mambong,07,Giam,319
198/19/08,198,PUNCAK BORNEO,19,Mambong,08,Sikog,499
198/19/09,198,PUNCAK BORNEO,19,Mambong,09,Staang,156
198/19/10,198,PUNCAK BORNEO,19,Mambong,10,Petag,237
198/19/11,198,PUNCAK BORNEO,19,Mambong,11,Bayor,151
198/19/12,198,PUNCAK BORNEO,19,Mambong,12,Jambu,333
198/19/13,198,PUNCAK BORNEO,19,Mambong,13,Semban,0225
198/19/14,198,PUNCAK BORNEO,19,Mambong,14,Tebia,295
198/19/15,198,PUNCAK BORNEO,19,Mambong,15,Danu,237
198/19/16,198,PUNCAK BORNEO,19,Mambong,16,Temurang,178
198/19/17,198,PUNCAK BORNEO,19,Mambong,17,Bengoh,334
198/19/18,198,PUNCAK BORNEO,19,Mambong,18,Gerung,382
198/19/19,198,PUNCAK BORNEO,19,Mambong,19,Semadang,295
198/19/20,198,PUNCAK BORNEO,19,Mambong,20,Karu,387
198/19/21,198,PUNCAK BORNEO,19,Mambong,21,Masaan,791
198/19/22,198,PUNCAK BORNEO,19,Mambong,22,Seratau,01388
198/19/23,198,PUNCAK BORNEO,19,Mambong,23,Punau,650
198/19/24,198,PUNCAK BORNEO,19,Mambong,24,Bunuk,1135
198/19/25,198,PUNCAK BORNEO,19,Mambong,25,Tijirak,723
198/19/26,198,PUNCAK BORNEO,19,Mambong,26,Batu Gong,231
198/19/27,198,PUNCAK BORNEO,19,Mambong,27,Petung,530
198/19/28,198,PUNCAK BORNEO,19,Mambong,28,Tabuan Rabak,167
198/20/01,198,PUNCAK BORNEO,20,Tarat,01,Simpuk,810
198/20/02,198,PUNCAK BORNEO,20,Tarat,02,Sekuduk,486
198/20/03,198,PUNCAK BORNEO,20,Tarat,03,Anah Rais,356
198/20/04,198,PUNCAK BORNEO,20,Tarat,04,Panchor,374
198/20/05,198,PUNCAK BORNEO,20,Tarat,05,Pekan Tarat,454
198/20/06,198,PUNCAK BORNEO,20,Tarat,06,Baki,0786
198/20/07,198,PUNCAK BORNEO,20,Tarat,07,Ampungan,598
198/20/08,198,PUNCAK BORNEO,20,Tarat,08,Tapah,1913
198/20/09,198,PUNCAK BORNEO,20,Tarat,09,Mundai,353
198/20/10,198,PUNCAK BORNEO,20,Tarat,10,Beratok,1384
198/20/11,198,PUNCAK BORNEO,20,Tarat,11,Pesang,508
198/20/12,198,PUNCAK BORNEO,20,Tarat,12,Gayu,419
198/20/13,198,PUNCAK BORNEO,20,Tarat,13,Sarig,166
198/20/14,198,PUNCAK BORNEO,20,Tarat,14,Sira,382
198/20/15,198,PUNCAK BORNEO,20,Tarat,15,Teng Bukap,0250
198/20/16,198,PUNCAK BORNEO,20,Tarat,16,Subang,258
198/20/17,198,PUNCAK BORNEO,20,Tarat,17,Stabut,243
198/20/18,198,PUNCAK BORNEO,20,Tarat,18,Peraya,299
198/20/19,198,PUNCAK BORNEO,20,Tarat,19,Maang,395
198/20/20,198,PUNCAK BORNEO,20,Tarat,20,Merakep,238
198/20/21,198,PUNCAK BORNEO,20,Tarat,21,Bisira,162
198/20/22,198,PUNCAK BORNEO,20,Tarat,22,Dunuk,0205
198/20/23,198,PUNCAK BORNEO,20,Tarat,23,Semaru,174
198/20/24,198,PUNCAK BORNEO,20,Tarat,24,Belimbing,252
198/20/25,198,PUNCAK BORNEO,20,Tarat,25,Sepit,325
198/20/26,198,PUNCAK BORNEO,20,Tarat,26,Kiding,216
198/20/27,198,PUNCAK BORNEO,20,Tarat,27,Simuti,216
198/20/28,198,PUNCAK BORNEO,20,Tarat,28,Maras,126
198/20/29,198,PUNCAK BORNEO,20,Tarat,29,Sadir,0199
198/20/30,198,PUNCAK BORNEO,20,Tarat,30,Pengkalan Ampat,197
198/20/31,198,PUNCAK BORNEO,20,Tarat,31,Retoh,308
198/20/32,198,PUNCAK BORNEO,20,Tarat,32,Sungai Barie,565
198/20/33,198,PUNCAK BORNEO,20,Tarat,33,Tarat Baru,756
198/20/34,198,PUNCAK BORNEO,20,Tarat,34,Munggu Lalang,631
198/20/35,198,PUNCAK BORNEO,20,Tarat,35,Rayang,805
198/20/36,198,PUNCAK BORNEO,20,Tarat,36,Sebemban,200
198/20/37,198,PUNCAK BORNEO,20,Tarat,37,Tanah Puteh,365
199/21/01,199,SERIAN,21,Tebedu,01,Bentang,2094
199/21/02,199,SERIAN,21,Tebedu,02,Lanchang,01615
199/21/03,199,SERIAN,21,Tebedu,03,Tebedu,3746
199/21/04,199,SERIAN,21,Tebedu,04,Amo,2325
199/21/05,199,SERIAN,21,Tebedu,05,Mengarat,1499
199/22/01,199,SERIAN,22,Kedup,01,Antayan,2512
199/22/02,199,SERIAN,22,Kedup,02,Sibauh,03430
199/22/03,199,SERIAN,22,Kedup,03,Mongkos,2511
199/22/04,199,SERIAN,22,Kedup,04,Kedup,1710
199/23/01,199,SERIAN,23,Triboh,01,Sedihan,2919
199/23/02,199,SERIAN,23,Triboh,02,Triboh,2465
199/23/03,199,SERIAN,23,Triboh,03,Selabi,3335
199/23/04,199,SERIAN,23,Triboh,04,Pasar Serian,2841
199/23/05,199,SERIAN,23,Triboh,05,Kakai,437
199/23/06,199,SERIAN,23,Triboh,06,Serian Hulu,1163
200/24/01,200,BATANG SADONG,24,Sadong Jaya,01,Sepayor,382
200/24/02,200,BATANG SADONG,24,Sadong Jaya,02,Semera,02294
200/24/03,200,BATANG SADONG,24,Sadong Jaya,03,Jemukan,923
200/24/04,200,BATANG SADONG,24,Sadong Jaya,04,Jemukan Ulu,305
200/24/05,200,BATANG SADONG,24,Sadong Jaya,05,Sadong Jaya,978
200/24/06,200,BATANG SADONG,24,Sadong Jaya,06,Sadong Jaya Ulu,193
200/24/07,200,BATANG SADONG,24,Sadong Jaya,07,Jaie,848
200/24/08,200,BATANG SADONG,24,Sadong Jaya,08,Iboi,473
200/24/09,200,BATANG SADONG,24,Sadong Jaya,09,Pelandok,0356
200/25/01,200,BATANG SADONG,25,Simunjan,01,Rangkang,365
200/25/02,200,BATANG SADONG,25,Simunjan,02,Putin,180
200/25/03,200,BATANG SADONG,25,Simunjan,03,Rangawan,345
200/25/04,200,BATANG SADONG,25,Simunjan,04,Terasi,303
200/25/05,200,BATANG SADONG,25,Simunjan,05,Senangeh,169
200/25/06,200,BATANG SADONG,25,Simunjan,06,Sungai Buloh,218
200/25/07,200,BATANG SADONG,25,Simunjan,07,Ensengei,249
200/25/08,200,BATANG SADONG,25,Simunjan,08,Simunjan,1782
200/25/09,200,BATANG SADONG,25,Simunjan,09,Temiang,997
200/25/10,200,BATANG SADONG,25,Simunjan,10,Kepayang,372
200/25/11,200,BATANG SADONG,25,Simunjan,11,Sageng,1788
200/25/12,200,BATANG SADONG,25,Simunjan,12,Sekendu,367
200/25/13,200,BATANG SADONG,25,Simunjan,13,Sungai Apin,0340
200/25/14,200,BATANG SADONG,25,Simunjan,14,Tanjong Beluku,141
200/25/15,200,BATANG SADONG,25,Simunjan,15,Slangking,269
200/26/01,200,BATANG SADONG,26,Gedong,01,Ensengai,236
200/26/02,200,BATANG SADONG,26,Gedong,02,Sateman,407
200/26/03,200,BATANG SADONG,26,Gedong,03,Pangkor,01180
200/26/04,200,BATANG SADONG,26,Gedong,04,Gedong,2891
200/26/05,200,BATANG SADONG,26,Gedong,05,Tegelam,215
200/26/06,200,BATANG SADONG,26,Gedong,06,Keniong,1411
201/27/01,201,BATANG LUPAR,27,Sebuyau,01,Seruyu,169
201/27/02,201,BATANG LUPAR,27,Sebuyau,02,Sebangan,02032
201/27/03,201,BATANG LUPAR,27,Sebuyau,03,Sebuyau,3717
201/27/04,201,BATANG LUPAR,27,Sebuyau,04,Entangor,180
201/27/05,201,BATANG LUPAR,27,Sebuyau,05,Senayang,1085
201/27/06,201,BATANG LUPAR,27,Sebuyau,06,Tungkah,1621
201/28/01,201,BATANG LUPAR,28,Lingga,01,Lingga,1129
201/28/02,201,BATANG LUPAR,28,Lingga,02,Meludam,2255
201/28/03,201,BATANG LUPAR,28,Lingga,03,Seduku,815
201/28/04,201,BATANG LUPAR,28,Lingga,04,Stumbin,1216
201/28/05,201,BATANG LUPAR,28,Lingga,05,Ladong,1765
201/28/06,201,BATANG LUPAR,28,Lingga,06,Lamanak,1551
201/29/01,201,BATANG LUPAR,29,Beting Maro,01,Beladin,4390
201/29/02,201,BATANG LUPAR,29,Beting Maro,02,Undai,2158
201/29/03,201,BATANG LUPAR,29,Beting Maro,03,Pusa,3129
202/30/01,202,SRI AMAN,30,Balai Ringin,01,Isu,2113
202/30/02,202,SRI AMAN,30,Balai Ringin,02,Balai Ringin,02245
202/30/03,202,SRI AMAN,30,Balai Ringin,03,Ruan,735
202/30/04,202,SRI AMAN,30,Balai Ringin,04,Kedumpai,1343
202/30/05,202,SRI AMAN,30,Balai Ringin,05,Ubah,1688
202/30/06,202,SRI AMAN,30,Balai Ringin,06,Pantu,1339
202/30/07,202,SRI AMAN,30,Balai Ringin,07,Keranggas,348
202/31/01,202,SRI AMAN,31,Bukit Begunan,01,Banting,1046
202/31/02,202,SRI AMAN,31,Bukit Begunan,02,Kara,2216
202/31/03,202,SRI AMAN,31,Bukit Begunan,03,Melugu,1299
202/31/04,202,SRI AMAN,31,Bukit Begunan,04,Klauh,2904
202/31/05,202,SRI AMAN,31,Bukit Begunan,05,Bukit Balau,1801
202/32/01,202,SRI AMAN,32,Simanggang,01,Sabu,457
202/32/02,202,SRI AMAN,32,Simanggang,02,Simanggang,5302
202/32/03,202,SRI AMAN,32,Simanggang,03,Lamanak Seberang,2054
202/32/04,202,SRI AMAN,32,Simanggang,04,Munggu Sabun,342
202/32/05,202,SRI AMAN,32,Simanggang,05,Sengat,880
202/32/06,202,SRI AMAN,32,Simanggang,06,Undup,1447
202/32/07,202,SRI AMAN,32,Simanggang,07,Bayai,884
203/33/01,203,LUBOK ANTU,33,Engkilili,01,Skrang,443
203/33/02,203,LUBOK ANTU,33,Engkilili,02,Enteban,0462
203/33/03,203,LUBOK ANTU,33,Engkilili,03,Entalau,139
203/33/04,203,LUBOK ANTU,33,Engkilili,04,Semanju,867
203/33/05,203,LUBOK ANTU,33,Engkilili,05,Kasenduh,506
203/33/06,203,LUBOK ANTU,33,Engkilili,06,Engkilili,891
203/33/07,203,LUBOK ANTU,33,Engkilili,07,Tabut,476
203/33/08,203,LUBOK ANTU,33,Engkilili,08,Aur,444
203/33/09,203,LUBOK ANTU,33,Engkilili,09,Pentik,01366
203/33/10,203,LUBOK ANTU,33,Engkilili,10,Jukat,241
203/33/11,203,LUBOK ANTU,33,Engkilili,11,Seladong,110
203/33/12,203,LUBOK ANTU,33,Engkilili,12,Akup,158
203/33/13,203,LUBOK ANTU,33,Engkilili,13,Marutih,237
203/33/14,203,LUBOK ANTU,33,Engkilili,14,Mujan,273
203/33/15,203,LUBOK ANTU,33,Engkilili,15,Kujoh,161
203/33/16,203,LUBOK ANTU,33,Engkilili,16,Splu,334
203/33/17,203,LUBOK ANTU,33,Engkilili,17,Merindun,358
203/33/18,203,LUBOK ANTU,33,Engkilili,18,Tawai,109
203/33/19,203,LUBOK ANTU,33,Engkilili,19,Basi,553
203/33/20,203,LUBOK ANTU,33,Engkilili,20,Geligau,192
203/33/21,203,LUBOK ANTU,33,Engkilili,21,Sedarat,744
203/33/22,203,LUBOK ANTU,33,Engkilili,22,Marop,399
203/33/23,203,LUBOK ANTU,33,Engkilili,23,Merio,304
203/33/24,203,LUBOK ANTU,33,Engkilili,24,Merbong,0617
203/34/01,203,LUBOK ANTU,34,Batang Ai,01,Sebangki,579
203/34/02,203,LUBOK ANTU,34,Batang Ai,02,Lubok Antu,673
203/34/03,203,LUBOK ANTU,34,Batang Ai,03,Sekarok,403
203/34/04,203,LUBOK ANTU,34,Batang Ai,04,Kesit,797
203/34/05,203,LUBOK ANTU,34,Batang Ai,05,Engkari,0112
203/34/06,203,LUBOK ANTU,34,Batang Ai,06,Delok,225
203/34/07,203,LUBOK ANTU,34,Batang Ai,07,Kaong,558
203/34/08,203,LUBOK ANTU,34,Batang Ai,08,Empit,523
203/34/09,203,LUBOK ANTU,34,Batang Ai,09,Kumpang,179
203/34/10,203,LUBOK ANTU,34,Batang Ai,10,Klampu,242
203/34/11,203,LUBOK ANTU,34,Batang Ai,11,Sayat,572
203/34/12,203,LUBOK ANTU,34,Batang Ai,12,Kutai,0718
203/34/13,203,LUBOK ANTU,34,Batang Ai,13,Mepi,536
203/34/14,203,LUBOK ANTU,34,Batang Ai,14,Jela,510
203/34/15,203,LUBOK ANTU,34,Batang Ai,15,Sempang,183
203/34/16,203,LUBOK ANTU,34,Batang Ai,16,Bertik,188
203/34/17,203,LUBOK ANTU,34,Batang Ai,17,Krangan Mong,189
203/34/18,203,LUBOK ANTU,34,Batang Ai,18,Ensawang,700
203/34/19,203,LUBOK ANTU,34,Batang Ai,19,Kachong,287
203/34/20,203,LUBOK ANTU,34,Batang Ai,20,Patoh,185
203/34/21,203,LUBOK ANTU,34,Batang Ai,21,Bilararap,0228
203/34/22,203,LUBOK ANTU,34,Batang Ai,22,Sepaya,380
203/34/23,203,LUBOK ANTU,34,Batang Ai,23,Gugu,385
203/34/24,203,LUBOK ANTU,34,Batang Ai,24,Nenyang,83
204/35/01,204,BETONG,35,Saribas,01,Manggut,513
204/35/02,204,BETONG,35,Saribas,02,Tui,0865
204/35/03,204,BETONG,35,Saribas,03,Debak,487
204/35/04,204,BETONG,35,Saribas,04,Bungin,834
204/35/05,204,BETONG,35,Saribas,05,Likis,493
204/35/06,204,BETONG,35,Saribas,06,Supa,855
204/35/07,204,BETONG,35,Saribas,07,Engkaras,235
204/35/08,204,BETONG,35,Saribas,08,Buda,265
204/35/09,204,BETONG,35,Saribas,09,Serabang,0496
204/35/10,204,BETONG,35,Saribas,10,Belasau,101
204/35/11,204,BETONG,35,Saribas,11,Sabar,114
204/35/12,204,BETONG,35,Saribas,12,Dit,251
204/35/13,204,BETONG,35,Saribas,13,Dit Hulu,153
204/35/14,204,BETONG,35,Saribas,14,Bungei,1485
204/35/15,204,BETONG,35,Saribas,15,Jerai,133
204/35/16,204,BETONG,35,Saribas,16,Debak Laut,692
204/35/17,204,BETONG,35,Saribas,17,Serembang,348
204/35/18,204,BETONG,35,Saribas,18,Tanjong Assam,364
204/35/19,204,BETONG,35,Saribas,19,Sebemban,279
204/35/20,204,BETONG,35,Saribas,20,Belingan,264
204/35/21,204,BETONG,35,Saribas,21,Budak,69
204/36/01,204,BETONG,36,Layar,01,Spak,252
204/36/02,204,BETONG,36,Layar,02,Padeh,498
204/36/03,204,BETONG,36,Layar,03,Bebanggai,174
204/36/04,204,BETONG,36,Layar,04,Betong,1601
204/36/05,204,BETONG,36,Layar,05,Kampung Betong,1176
204/36/06,204,BETONG,36,Layar,06,Lubau,296
204/36/07,204,BETONG,36,Layar,07,Penyalaneh,190
204/36/08,204,BETONG,36,Layar,08,Jelau,0180
204/36/09,204,BETONG,36,Layar,09,Melanjan,123
204/36/10,204,BETONG,36,Layar,10,Tapeh,221
204/36/11,204,BETONG,36,Layar,11,Luing,229
204/36/12,204,BETONG,36,Layar,12,Krapa,135
204/36/13,204,BETONG,36,Layar,13,Teguyu,105
204/36/14,204,BETONG,36,Layar,14,Perdu,169
204/36/15,204,BETONG,36,Layar,15,Dabok,0810
204/36/16,204,BETONG,36,Layar,16,Gawis,116
204/36/17,204,BETONG,36,Layar,17,Balingam,92
204/36/18,204,BETONG,36,Layar,18,Kron,153
204/36/19,204,BETONG,36,Layar,19,Plepok,80
204/36/20,204,BETONG,36,Layar,20,Merunjau,99
204/36/21,204,BETONG,36,Layar,21,Entanak,254
204/36/22,204,BETONG,36,Layar,22,Saka,434
204/36/23,204,BETONG,36,Layar,23,Penurin,144
204/36/24,204,BETONG,36,Layar,24,Tanu,0276
204/36/25,204,BETONG,36,Layar,25,Jugir,488
204/36/26,204,BETONG,36,Layar,26,Pasa,238
204/36/27,204,BETONG,36,Layar,27,Selulap,152
204/36/28,204,BETONG,36,Layar,28,Stambak,150
204/37/01,204,BETONG,37,Bukit Saban,01,Penunus,71
204/37/02,204,BETONG,37,Bukit Saban,02,Rimbas,79
204/37/03,204,BETONG,37,Bukit Saban,03,Spaoh,373
204/37/04,204,BETONG,37,Bukit Saban,04,Suri,295
204/37/05,204,BETONG,37,Bukit Saban,05,Bukit Saban,136
204/37/06,204,BETONG,37,Bukit Saban,06,Kubal,224
204/37/07,204,BETONG,37,Bukit Saban,07,Brutan,448
204/37/08,204,BETONG,37,Bukit Saban,08,Bayor,0101
204/37/09,204,BETONG,37,Bukit Saban,09,Ulu Teru,133
204/37/10,204,BETONG,37,Bukit Saban,10,Metong,113
204/37/11,204,BETONG,37,Bukit Saban,11,Delit,394
204/37/12,204,BETONG,37,Bukit Saban,12,Babu,137
204/37/13,204,BETONG,37,Bukit Saban,13,Traie,143
204/37/14,204,BETONG,37,Bukit Saban,14,Rapong,151
204/37/15,204,BETONG,37,Bukit Saban,15,Tot,273
204/37/16,204,BETONG,37,Bukit Saban,16,Spaoh Hulu,1589
204/37/17,204,BETONG,37,Bukit Saban,17,Spaoh Hilir,0894
204/37/18,204,BETONG,37,Bukit Saban,18,Belabak,76
204/37/19,204,BETONG,37,Bukit Saban,19,Lingit,143
204/37/20,204,BETONG,37,Bukit Saban,20,Penom,139
204/37/21,204,BETONG,37,Bukit Saban,21,Meroh,123
204/37/22,204,BETONG,37,Bukit Saban,22,Sepuna,150
204/37/23,204,BETONG,37,Bukit Saban,23,Samu,193
204/37/24,204,BETONG,37,Bukit Saban,24,Mutok,0170
204/37/25,204,BETONG,37,Bukit Saban,25,Penebak,494
204/37/26,204,BETONG,37,Bukit Saban,26,Bair,69
204/37/27,204,BETONG,37,Bukit Saban,27,Jambu,106
204/37/28,204,BETONG,37,Bukit Saban,28,Tiput,121
204/37/29,204,BETONG,37,Bukit Saban,29,Pelikoi,173
204/37/30,204,BETONG,37,Bukit Saban,30,Jaloh,160
204/37/31,204,BETONG,37,Bukit Saban,31,Serudit,0217
204/37/32,204,BETONG,37,Bukit Saban,32,Matop,156
204/37/33,204,BETONG,37,Bukit Saban,33,Teberu,262
204/37/34,204,BETONG,37,Bukit Saban,34,Rembai,269
204/37/35,204,BETONG,37,Bukit Saban,35,Bangkit,101
205/38/01,205,SARATOK,38,Kalaka,01,Pelunga,1373
205/38/02,205,SARATOK,38,Kalaka,02,Perpat,0646
205/38/03,205,SARATOK,38,Kalaka,03,Kaba,2290
205/38/04,205,SARATOK,38,Kalaka,04,Saratok,2473
205/38/05,205,SARATOK,38,Kalaka,05,Tengalat,323
205/38/06,205,SARATOK,38,Kalaka,06,Senyawan,219
205/39/01,205,SARATOK,39,Krian,01,Mudong,847
205/39/02,205,SARATOK,39,Krian,02,Brayang,1186
205/39/03,205,SARATOK,39,Krian,03,Batu Anam,1665
205/39/04,205,SARATOK,39,Krian,04,Diso,1385
205/39/05,205,SARATOK,39,Krian,05,Awik,1414
205/39/06,205,SARATOK,39,Krian,06,Melupa,1267
205/39/07,205,SARATOK,39,Krian,07,Kabo,1484
205/39/08,205,SARATOK,39,Krian,08,Gerenjang,1477
205/39/09,205,SARATOK,39,Krian,09,Bajau,377
205/39/10,205,SARATOK,39,Krian,10,Krangan,592
205/40/01,205,SARATOK,40,Kabong,01,Nyabor,3480
205/40/02,205,SARATOK,40,Kabong,02,Roban,1710
205/40/03,205,SARATOK,40,Kabong,03,Kabong,3967
205/40/04,205,SARATOK,40,Kabong,04,Selalang,0602
206/41/01,206,TANJONG MANIS,41,Kuala Rajang,01,Belawai,2080
206/41/02,206,TANJONG MANIS,41,Kuala Rajang,02,Rajang,01829
206/41/03,206,TANJONG MANIS,41,Kuala Rajang,03,Sari,2095
206/41/04,206,TANJONG MANIS,41,Kuala Rajang,04,Seberang,3282
206/42/01,206,TANJONG MANIS,42,Semop,01,Nanga Lepa,107
206/42/02,206,TANJONG MANIS,42,Semop,02,Paloh,1136
206/42/03,206,TANJONG MANIS,42,Semop,03,Mupong,0483
206/42/04,206,TANJONG MANIS,42,Semop,04,Semop,1310
206/42/05,206,TANJONG MANIS,42,Semop,05,Saai,394
206/42/06,206,TANJONG MANIS,42,Semop,06,Tekajong,2233
206/42/07,206,TANJONG MANIS,42,Semop,07,Bruit,934
206/42/08,206,TANJONG MANIS,42,Semop,08,Bunut,1117
206/42/09,206,TANJONG MANIS,42,Semop,09,Bintangor,2025
207/43/01,207,IGAN,43,Daro,01,Semah,938
207/43/02,207,IGAN,43,Daro,02,Tebaang,01804
207/43/03,207,IGAN,43,Daro,03,Daro,2454
207/43/04,207,IGAN,43,Daro,04,Lemang Peh,1159
207/43/05,207,IGAN,43,Daro,05,Lassa,1767
207/43/06,207,IGAN,43,Daro,06,Lebaan,432
207/44/01,207,IGAN,44,Jemoreng,01,Kuala Matu,1651
207/44/02,207,IGAN,44,Jemoreng,02,Sok,275
207/44/03,207,IGAN,44,Jemoreng,03,Matu,215
207/44/04,207,IGAN,44,Jemoreng,04,Sekaan Besar,930
207/44/05,207,IGAN,44,Jemoreng,05,Jemoreng,1052
207/44/06,207,IGAN,44,Jemoreng,06,Bawang,1114
207/44/07,207,IGAN,44,Jemoreng,07,Tian,2145
207/44/08,207,IGAN,44,Jemoreng,08,Bekumah,399
207/44/09,207,IGAN,44,Jemoreng,09,Ilas,159
207/44/10,207,IGAN,44,Jemoreng,10,Igan,1588
208/45/01,208,SARIKEI,45,Repok,01,Bulat,3034
208/45/02,208,SARIKEI,45,Repok,02,Pantak,02059
208/45/03,208,SARIKEI,45,Repok,03,Repok,4402
208/45/04,208,SARIKEI,45,Repok,04,Sarikei,2475
208/45/05,208,SARIKEI,45,Repok,05,Merudu,1538
208/45/06,208,SARIKEI,45,Repok,06,Peninjau,1174
208/45/07,208,SARIKEI,45,Repok,07,Paoh,1259
208/45/08,208,SARIKEI,45,Repok,08,Nyelong Park,4341
208/46/01,208,SARIKEI,46,Meradong,01,Narasit,619
208/46/02,208,SARIKEI,46,Meradong,02,Tulai,919
208/46/03,208,SARIKEI,46,Meradong,03,Kertong,1333
208/46/04,208,SARIKEI,46,Meradong,04,Kelupu,1922
208/46/05,208,SARIKEI,46,Meradong,05,Bandar,3157
208/46/06,208,SARIKEI,46,Meradong,06,Meradong,518
208/46/07,208,SARIKEI,46,Meradong,07,Kemantan,959
208/46/08,208,SARIKEI,46,Meradong,08,Mador,1222
208/46/09,208,SARIKEI,46,Meradong,09,Lemayong,2623
208/46/10,208,SARIKEI,46,Meradong,10,Selemas,272
208/46/11,208,SARIKEI,46,Meradong,11,Selidap,874
208/46/12,208,SARIKEI,46,Meradong,12,Nyelong,2383
209/47/01,209,JULAU,47,Pakan,01,Bayong,1277
209/47/02,209,JULAU,47,Pakan,02,Sungai Rusa,0666
209/47/03,209,JULAU,47,Pakan,03,Babai,1840
209/47/04,209,JULAU,47,Pakan,04,Lamujan,3440
209/47/05,209,JULAU,47,Pakan,05,Wuak,1369
209/47/06,209,JULAU,47,Pakan,06,Dayu,1331
209/48/01,209,JULAU,48,Meluan,01,Balut,1592
209/48/02,209,JULAU,48,Meluan,02,Julau,2279
209/48/03,209,JULAU,48,Meluan,03,Rayah,1163
209/48/04,209,JULAU,48,Meluan,04,Meluan,1887
209/48/05,209,JULAU,48,Meluan,05,Engkamup,1419
209/48/06,209,JULAU,48,Meluan,06,Entabai,1769
209/48/07,209,JULAU,48,Meluan,07,Beketan,2900
210/49/01,210,KANOWIT,49,Ngemah,01,Kajah,803
210/49/02,210,KANOWIT,49,Ngemah,02,Bat,01988
210/49/03,210,KANOWIT,49,Ngemah,03,Sengayan,1875
210/49/04,210,KANOWIT,49,Ngemah,04,Mapai,1768
210/49/05,210,KANOWIT,49,Ngemah,05,Bawan,1390
210/49/06,210,KANOWIT,49,Ngemah,06,Pidai,1106
210/50/01,210,KANOWIT,50,Machan,01,Lukut,697
210/50/02,210,KANOWIT,50,Machan,02,Kanowit,2603
210/50/03,210,KANOWIT,50,Machan,03,Majau,2012
210/50/04,210,KANOWIT,50,Machan,04,Peranan,758
210/50/05,210,KANOWIT,50,Machan,05,Poi,720
210/50/06,210,KANOWIT,50,Machan,06,Bukong,1618
210/50/07,210,KANOWIT,50,Machan,07,Latong,2524
211/51/01,211,LANANG,51,Bukit Assek,01,Tiong Hua,3382
211/51/02,211,LANANG,51,Bukit Assek,02,Tong Sang,02832
211/51/03,211,LANANG,51,Bukit Assek,03,Keladi,2923
211/51/04,211,LANANG,51,Bukit Assek,04,Kapor Lima,2069
211/51/05,211,LANANG,51,Bukit Assek,05,Lembangan,736
211/51/06,211,LANANG,51,Bukit Assek,06,Uk Daik,3622
211/51/07,211,LANANG,51,Bukit Assek,07,Hardin,2571
211/51/08,211,LANANG,51,Bukit Assek,08,Lai Chee,1560
211/51/09,211,LANANG,51,Bukit Assek,09,Merlin,01104
211/51/10,211,LANANG,51,Bukit Assek,10,Hua Kiew,2754
211/51/11,211,LANANG,51,Bukit Assek,11,Hin Yu,2996
211/51/12,211,LANANG,51,Bukit Assek,12,Layang-layang,1243
211/51/13,211,LANANG,51,Bukit Assek,13,Manggis,540
211/51/14,211,LANANG,51,Bukit Assek,14,Maling,576
211/52/01,211,LANANG,52,Dudong,01,Assan,2595
211/52/02,211,LANANG,52,Dudong,02,Naman,1309
211/52/03,211,LANANG,52,Dudong,03,Pak,2382
211/52/04,211,LANANG,52,Dudong,04,Dudong,1396
211/52/05,211,LANANG,52,Dudong,05,Salim,4598
211/52/06,211,LANANG,52,Dudong,06,Lanang,2172
211/52/07,211,LANANG,52,Dudong,07,Aik Dee,2833
211/52/08,211,LANANG,52,Dudong,08,Menyan,01666
211/52/09,211,LANANG,52,Dudong,09,Sibu Jaya,3547
211/52/10,211,LANANG,52,Dudong,10,Lada,2718
211/52/11,211,LANANG,52,Dudong,11,Usaha Jaya,746
211/52/12,211,LANANG,52,Dudong,12,Mantis,2607
212/53/01,212,SIBU,53,Bawang Assan,01,Rassau,3077
212/53/02,212,SIBU,53,Bawang Assan,02,Penasu,02494
212/53/03,212,SIBU,53,Bawang Assan,03,Bawang Assan,2161
212/53/04,212,SIBU,53,Bawang Assan,04,Kunyit,360
212/53/05,212,SIBU,53,Bawang Assan,05,Ma’aw,843
212/53/06,212,SIBU,53,Bawang Assan,06,Selalo,272
212/53/07,212,SIBU,53,Bawang Assan,07,Dassan,1173
212/53/08,212,SIBU,53,Bawang Assan,08,Ensurai,183
212/53/09,212,SIBU,53,Bawang Assan,09,Lan,0638
212/53/10,212,SIBU,53,Bawang Assan,10,Engkilo,1937
212/53/11,212,SIBU,53,Bawang Assan,11,Lower Island,2097
212/53/12,212,SIBU,53,Bawang Assan,12,Upper Island,1990
212/53/13,212,SIBU,53,Bawang Assan,13,Tanah Mas,420
212/54/01,212,SIBU,54,Pelawan,01,Rajang Park,3859
212/54/02,212,SIBU,54,Pelawan,02,Pelawan,3264
212/54/03,212,SIBU,54,Pelawan,03,Sungai Merah,3546
212/54/04,212,SIBU,54,Pelawan,04,Disa,804
212/54/05,212,SIBU,54,Pelawan,05,Sungai Antu,1597
212/54/06,212,SIBU,54,Pelawan,06,Gambir,5440
212/54/07,212,SIBU,54,Pelawan,07,Camar,1262
212/54/08,212,SIBU,54,Pelawan,08,Merdeka,3400
212/54/09,212,SIBU,54,Pelawan,09,Oya Lane,03102
212/54/10,212,SIBU,54,Pelawan,10,Indah,2230
212/54/11,212,SIBU,54,Pelawan,11,Nibong,2884
212/55/01,212,SIBU,55,Nangka,01,Bandong,419
212/55/02,212,SIBU,55,Nangka,02,Bahagia Jaya,1402
212/55/03,212,SIBU,55,Nangka,03,Datu Nyabor,01614
212/55/04,212,SIBU,55,Nangka,04,Ilir Nangka,4530
212/55/05,212,SIBU,55,Nangka,05,Teku,1107
212/55/06,212,SIBU,55,Nangka,06,Seduan,3912
212/55/07,212,SIBU,55,Nangka,07,Tanggi,2678
212/55/08,212,SIBU,55,Nangka,08,Race Course,1680
213/56/01,213,MUKAH,56,Dalat,01,Tanam,1020
213/56/02,213,MUKAH,56,Dalat,02,Dalat,0973
213/56/03,213,MUKAH,56,Dalat,03,Kut,262
213/56/04,213,MUKAH,56,Dalat,04,Baoh,455
213/56/05,213,MUKAH,56,Dalat,05,Balan,441
213/56/06,213,MUKAH,56,Dalat,06,Ud,1551
213/56/07,213,MUKAH,56,Dalat,07,Baru Dalat,395
213/56/08,213,MUKAH,56,Dalat,08,Sungai Dalam,302
213/56/09,213,MUKAH,56,Dalat,09,Klid,0176
213/56/10,213,MUKAH,56,Dalat,10,Kekan,628
213/56/11,213,MUKAH,56,Dalat,11,Medong,1479
213/56/12,213,MUKAH,56,Dalat,12,Kut Muara,739
213/56/13,213,MUKAH,56,Dalat,13,Narub,115
213/57/01,213,MUKAH,57,Tellian,01,Penat,284
213/57/02,213,MUKAH,57,Tellian,02,Sebakong,412
213/57/03,213,MUKAH,57,Tellian,03,Oya,1468
213/57/04,213,MUKAH,57,Tellian,04,Terus,539
213/57/05,213,MUKAH,57,Tellian,05,Teh Oya,340
213/57/06,213,MUKAH,57,Tellian,06,Senau,557
213/57/07,213,MUKAH,57,Tellian,07,Ulu Baoh,496
213/57/08,213,MUKAH,57,Tellian,08,Dijih,419
213/57/09,213,MUKAH,57,Tellian,09,Ulu Sikat,0177
213/57/10,213,MUKAH,57,Tellian,10,Nanga Sikat,421
213/57/11,213,MUKAH,57,Tellian,11,Engkerbai,152
213/57/12,213,MUKAH,57,Tellian,12,Petanak Mukah,962
213/57/13,213,MUKAH,57,Tellian,13,Tellian,1150
213/57/14,213,MUKAH,57,Tellian,14,Judan,390
213/57/15,213,MUKAH,57,Tellian,15,Kuala Lama,1198
213/57/16,213,MUKAH,57,Tellian,16,Tellian Laut,0893
213/58/01,213,MUKAH,58,Balingian,01,Mukah,881
213/58/02,213,MUKAH,58,Balingian,02,Litong,1059
213/58/03,213,MUKAH,58,Balingian,03,Penakop,394
213/58/04,213,MUKAH,58,Balingian,04,Temesu,233
213/58/05,213,MUKAH,58,Balingian,05,Balingian,0442
213/58/06,213,MUKAH,58,Balingian,06,Penakop Permai,408
213/58/07,213,MUKAH,58,Balingian,07,Tutus,461
213/58/08,213,MUKAH,58,Balingian,08,Jebungan,572
213/58/09,213,MUKAH,58,Balingian,09,Kenyana,152
213/58/10,213,MUKAH,58,Balingian,10,Sesok,1034
213/58/11,213,MUKAH,58,Balingian,11,Ulu Bedengan,272
213/58/12,213,MUKAH,58,Balingian,12,Bedengan,401
213/58/13,213,MUKAH,58,Balingian,13,Penipah,340
213/58/14,213,MUKAH,58,Balingian,14,Kuala Balingian,0888
213/58/15,213,MUKAH,58,Balingian,15,Suyong,856
213/58/16,213,MUKAH,58,Balingian,16,Liok,380
214/59/01,214,SELANGAU,59,Tamin,01,Siong,1823
214/59/02,214,SELANGAU,59,Tamin,02,Tamin,01855
214/59/03,214,SELANGAU,59,Tamin,03,Sekuau,3475
214/59/04,214,SELANGAU,59,Tamin,04,Selangau,4426
214/59/05,214,SELANGAU,59,Tamin,05,Lemai,2890
214/60/01,214,SELANGAU,60,Kakus,01,Bawan,1451
214/60/02,214,SELANGAU,60,Kakus,02,Arip,01930
214/60/03,214,SELANGAU,60,Kakus,03,Tatau-Buan,861
214/60/04,214,SELANGAU,60,Kakus,04,Kakus,513
214/60/05,214,SELANGAU,60,Kakus,05,Anap,201
214/60/06,214,SELANGAU,60,Kakus,06,Tatau,1178
214/60/07,214,SELANGAU,60,Kakus,07,Lubok Kumpai,349
214/60/08,214,SELANGAU,60,Kakus,08,Bekiran,169
214/60/09,214,SELANGAU,60,Kakus,09,Tekalit,395
214/60/10,214,SELANGAU,60,Kakus,10,Rungan,398
214/60/11,214,SELANGAU,60,Kakus,11,Giri,81
214/60/12,214,SELANGAU,60,Kakus,12,Kelebu,173
214/60/13,214,SELANGAU,60,Kakus,13,Entajum,250
214/60/14,214,SELANGAU,60,Kakus,14,Ulu Sangan,286
214/60/15,214,SELANGAU,60,Kakus,15,Sangan,518
214/60/16,214,SELANGAU,60,Kakus,16,Penyarai,310
214/60/17,214,SELANGAU,60,Kakus,17,Kulau Belungai,0326
214/60/18,214,SELANGAU,60,Kakus,18,Muput,262
214/60/19,214,SELANGAU,60,Kakus,19,Pasir Nangka,289
214/60/20,214,SELANGAU,60,Kakus,20,Nanga Empang,59
214/60/21,214,SELANGAU,60,Kakus,21,Kana,377
214/60/22,214,SELANGAU,60,Kakus,22,Setusor,166
214/60/23,214,SELANGAU,60,Kakus,23,Tau,364
214/60/24,214,SELANGAU,60,Kakus,24,Takan,0167
214/60/25,214,SELANGAU,60,Kakus,25,Annau,1529
215/61/01,215,KAPIT,61,Pelagus,01,Pelagus,2059
215/61/02,215,KAPIT,61,Pelagus,02,Sungai Amang,0638
215/61/03,215,KAPIT,61,Pelagus,03,Sungai Kapit,899
215/61/04,215,KAPIT,61,Pelagus,04,Nanga Peraran,777
215/61/05,215,KAPIT,61,Pelagus,05,Sut,3365
215/61/06,215,KAPIT,61,Pelagus,06,Gaat,656
215/62/01,215,KAPIT,62,Katibas,01,Manap,1346
215/62/02,215,KAPIT,62,Katibas,02,Temelat,1984
215/62/03,215,KAPIT,62,Katibas,03,Song,1103
215/62/04,215,KAPIT,62,Katibas,04,Katibas,1763
215/62/05,215,KAPIT,62,Katibas,05,Tapang,961
215/62/06,215,KAPIT,62,Katibas,06,Bangkit,1458
215/62/07,215,KAPIT,62,Katibas,07,Tekalit,986
215/63/01,215,KAPIT,63,Selirik,01,Kapit,2053
215/63/02,215,KAPIT,63,Selirik,02,Menuan,1168
215/63/03,215,KAPIT,63,Selirik,03,Ibau,2748
215/63/04,215,KAPIT,63,Selirik,04,Kampung Baru,1223
215/63/05,215,KAPIT,63,Selirik,05,Selirik,2295
215/63/06,215,KAPIT,63,Selirik,06,Sibau,364
215/63/07,215,KAPIT,63,Selirik,07,Entangai,0709
216/64/01,216,HULU RAJANG,64,Baleh,01,Mujong,2827
216/64/02,216,HULU RAJANG,64,Baleh,02,Melinau,01912
216/64/03,216,HULU RAJANG,64,Baleh,03,Baleh,2257
216/64/04,216,HULU RAJANG,64,Baleh,04,Merirai,1775
216/65/01,216,HULU RAJANG,65,Belaga,01,Data Kakus,674
216/65/02,216,HULU RAJANG,65,Belaga,02,Merit,2218
216/65/03,216,HULU RAJANG,65,Belaga,03,Ba,01595
216/65/04,216,HULU RAJANG,65,Belaga,04,Belaga,1948
216/65/05,216,HULU RAJANG,65,Belaga,05,Long Busang,252
216/65/06,216,HULU RAJANG,65,Belaga,06,Long Bangan,181
216/65/07,216,HULU RAJANG,65,Belaga,07,Long Semutut,350
216/66/01,216,HULU RAJANG,66,Murum,01,Long Murum,612
216/66/02,216,HULU RAJANG,66,Murum,02,Asap,4454
216/66/03,216,HULU RAJANG,66,Murum,03,Tubau,2582
217/67/01,217,BINTULU,67,Jepak,01,Kuala Tatau,1430
217/67/02,217,BINTULU,67,Jepak,02,Sri Dagang,02142
217/67/03,217,BINTULU,67,Jepak,03,Jepak,4572
217/67/04,217,BINTULU,67,Jepak,04,Segan,1138
217/67/05,217,BINTULU,67,Jepak,05,Sungai Nyigu,1808
217/67/06,217,BINTULU,67,Jepak,06,RPR Sebiew,1783
217/68/01,217,BINTULU,68,Tanjong Batu,01,Bintulu Town,3035
217/68/02,217,BINTULU,68,Tanjong Batu,02,Bukit Orang,3287
217/68/03,217,BINTULU,68,Tanjong Batu,03,Tanjung Batu,4362
217/68/04,217,BINTULU,68,Tanjong Batu,04,Li Hua,7570
217/68/05,217,BINTULU,68,Tanjong Batu,05,Desa Damai,973
217/68/06,217,BINTULU,68,Tanjong Batu,06,Batu Lima,62
217/69/01,217,BINTULU,69,Kemena,01,Sebauh,1835
217/69/02,217,BINTULU,69,Kemena,02,Labang,1916
217/69/03,217,BINTULU,69,Kemena,03,Hulu Suai,1219
217/69/04,217,BINTULU,69,Kemena,04,Sekaloh,1423
217/69/05,217,BINTULU,69,Kemena,05,Sungai Sebauh,1545
217/69/06,217,BINTULU,69,Kemena,06,Sebungan,1454
217/69/07,217,BINTULU,69,Kemena,07,Pandan,1710
217/69/08,217,BINTULU,69,Kemena,08,Goyang,0688
217/69/09,217,BINTULU,69,Kemena,09,Subis Satu,1008
217/70/01,217,BINTULU,70,Samalaju,01,Sibiew Similajau,3791
217/70/02,217,BINTULU,70,Samalaju,02,Tanjung Kidurong,1135
217/70/03,217,BINTULU,70,Samalaju,03,Suai,1914
217/70/04,217,BINTULU,70,Samalaju,04,Melor,01364
217/70/05,217,BINTULU,70,Samalaju,05,Mawar,2327
217/70/06,217,BINTULU,70,Samalaju,06,RPR Kidurong,1650
217/70/07,217,BINTULU,70,Samalaju,07,LKTS Suai,746
218/71/01,218,SIBUTI,71,Bekenu,01,Batu Niah,1281
218/71/02,218,SIBUTI,71,Bekenu,02,Niah,02004
218/71/03,218,SIBUTI,71,Bekenu,03,Saeh,1667
218/71/04,218,SIBUTI,71,Bekenu,04,Kelulit,751
218/71/05,218,SIBUTI,71,Bekenu,05,Tiris,971
218/71/06,218,SIBUTI,71,Bekenu,06,Bungai,1340
218/71/07,218,SIBUTI,71,Bekenu,07,Bekanu,1565
218/71/08,218,SIBUTI,71,Bekenu,08,Bakas,2405
218/71/09,218,SIBUTI,71,Bekenu,09,Hulu Sibuti,0254
218/72/01,218,SIBUTI,72,Lambir,01,Peninjau,2468
218/72/02,218,SIBUTI,72,Lambir,02,Satap,1566
218/72/03,218,SIBUTI,72,Lambir,03,Bakam,2535
218/72/04,218,SIBUTI,72,Lambir,04,Lambir,3319
218/72/05,218,SIBUTI,72,Lambir,05,Airport,6385
218/72/06,218,SIBUTI,72,Lambir,06,Tukau,123
218/72/07,218,SIBUTI,72,Lambir,07,RAMD,729
219/73/01,219,MIRI,73,Piasau,01,Kubu,460
219/73/02,219,MIRI,73,Piasau,02,Bazaar,05096
219/73/03,219,MIRI,73,Piasau,03,Merbau,2258
219/73/04,219,MIRI,73,Piasau,04,Merpati,306
219/73/05,219,MIRI,73,Piasau,05,Permaisuri,2394
219/73/06,219,MIRI,73,Piasau,06,Bintang,1401
219/73/07,219,MIRI,73,Piasau,07,Lutong,5127
219/73/08,219,MIRI,73,Piasau,08,Tanjong,1440
219/73/09,219,MIRI,73,Piasau,09,Luak,02861
219/74/01,219,MIRI,74,Pujut,01,Pujut,17605
219/74/02,219,MIRI,74,Pujut,02,Krokop,8927
219/75/01,219,MIRI,75,Senadin,01,Kuala Baram,16303
219/75/02,219,MIRI,75,Senadin,02,Lopeng,3719
219/75/03,219,MIRI,75,Senadin,03,Riam,6235
220/76/01,220,BARAM,76,Marudi,01,Nabor,1902
220/76/02,220,BARAM,76,Marudi,02,Pengalayan,01716
220/76/03,220,BARAM,76,Marudi,03,Marudi,2875
220/76/04,220,BARAM,76,Marudi,04,Beluru,2641
220/76/05,220,BARAM,76,Marudi,05,Teruking,1969
220/76/06,220,BARAM,76,Marudi,06,Long Teru,1370
220/76/07,220,BARAM,76,Marudi,07,Lubok Nibong,533
220/76/08,220,BARAM,76,Marudi,08,Jegan,1612
220/76/09,220,BARAM,76,Marudi,09,Puyut,02110
220/77/01,220,BARAM,77,Telang Usan,01,Long Miri,1163
220/77/02,220,BARAM,77,Telang Usan,02,Pana,1123
220/77/03,220,BARAM,77,Telang Usan,03,Akahpatah,1126
220/77/04,220,BARAM,77,Telang Usan,04,San,1142
220/77/05,220,BARAM,77,Telang Usan,05,Liomatu,2137
220/78/01,220,BARAM,78,Long Lama,01,Tutoh,1460
220/78/02,220,BARAM,78,Long Lama,02,Long Lama,2393
220/78/03,220,BARAM,78,Long Lama,03,Apoh,2396
220/78/04,220,BARAM,78,Long Lama,04,Long Peluan,483
220/78/05,220,BARAM,78,Long Lama,05,Bario,625
220/78/06,220,BARAM,78,Long Lama,06,Pa’lungan,0199
220/78/07,220,BARAM,78,Long Lama,07,Dano,150
220/78/08,220,BARAM,78,Long Lama,08,Remudu,122
220/78/09,220,BARAM,78,Long Lama,09,Lellang,229
221/79/01,221,LIMBANG,79,Bukit Kota,01,Ranggau,285
221/79/02,221,LIMBANG,79,Bukit Kota,02,Sebukang,02396
221/79/03,221,LIMBANG,79,Bukit Kota,03,Tabahan,1620
221/79/04,221,LIMBANG,79,Bukit Kota,04,Bangkita,1798
221/79/05,221,LIMBANG,79,Bukit Kota,05,Limbang,2361
221/79/06,221,LIMBANG,79,Bukit Kota,06,Poyan,1624
221/79/07,221,LIMBANG,79,Bukit Kota,07,Bukit Kota,1261
221/79/08,221,LIMBANG,79,Bukit Kota,08,Pendam,892
221/79/09,221,LIMBANG,79,Bukit Kota,09,Telahak,01221
221/79/10,221,LIMBANG,79,Bukit Kota,10,Berawan,2858
221/80/01,221,LIMBANG,80,Batu Danau,01,Danau,2168
221/80/02,221,LIMBANG,80,Batu Danau,02,Lubai,1832
221/80/03,221,LIMBANG,80,Batu Danau,03,Ukong,1745
221/80/04,221,LIMBANG,80,Batu Danau,04,Medihit,1103
221/80/05,221,LIMBANG,80,Batu Danau,05,Medamit,1813
222/81/01,222,LAWAS,81,Ba’kelalan,01,Semadoh,674
222/81/02,222,LAWAS,81,Ba’kelalan,02,Beriwan,0274
222/81/03,222,LAWAS,81,Ba’kelalan,03,Maligan,558
222/81/04,222,LAWAS,81,Ba’kelalan,04,Trusan,325
222/81/05,222,LAWAS,81,Ba’kelalan,05,Sukang,494
222/81/06,222,LAWAS,81,Ba’kelalan,06,Lupeng,217
222/81/07,222,LAWAS,81,Ba’kelalan,07,Ba’kelalan,569
222/81/08,222,LAWAS,81,Ba’kelalan,08,Temarop,219
222/81/09,222,LAWAS,81,Ba’kelalan,09,Suang,0391
222/81/10,222,LAWAS,81,Ba’kelalan,10,Talis,261
222/81/11,222,LAWAS,81,Ba’kelalan,11,Lapadan,210
222/81/12,222,LAWAS,81,Ba’kelalan,12,Tengoa,232
222/81/13,222,LAWAS,81,Ba’kelalan,13,Tuma,994
222/81/14,222,LAWAS,81,Ba’kelalan,14,Pengaleh,239
222/81/15,222,LAWAS,81,Ba’kelalan,15,Siang,433
222/81/16,222,LAWAS,81,Ba’kelalan,16,Pangi,272
222/81/17,222,LAWAS,81,Ba’kelalan,17,Batu Tiga,115
222/81/18,222,LAWAS,81,Ba’kelalan,18,Lampaki,176
222/81/19,222,LAWAS,81,Ba’kelalan,19,Muncu,209
222/81/20,222,LAWAS,81,Ba’kelalan,20,Ranchangan,225
222/82/01,222,LAWAS,82,Bukit Sari,01,Sundar,113
222/82/02,222,LAWAS,82,Bukit Sari,02,Bukit Sari,324
222/82/03,222,LAWAS,82,Bukit Sari,03,Merapok,604
222/82/04,222,LAWAS,82,Bukit Sari,04,Lawas,1827
222/82/05,222,LAWAS,82,Bukit Sari,05,Gelapas,506
222/82/06,222,LAWAS,82,Bukit Sari,06,Awat,605
222/82/07,222,LAWAS,82,Bukit Sari,07,Baru,363
222/82/08,222,LAWAS,82,Bukit Sari,08,Luagan,0152
222/82/09,222,LAWAS,82,Bukit Sari,09,Aru,479
222/82/10,222,LAWAS,82,Bukit Sari,10,Pagar,492
222/82/11,222,LAWAS,82,Bukit Sari,11,Katong,498
222/82/12,222,LAWAS,82,Bukit Sari,12,Pemukat,205
222/82/13,222,LAWAS,82,Bukit Sari,13,Dato,551
222/82/14,222,LAWAS,82,Bukit Sari,14,Belipat,441
222/82/15,222,LAWAS,82,Bukit Sari,15,Sualai,0340
222/82/16,222,LAWAS,82,Bukit Sari,16,Punang,757
222/82/17,222,LAWAS,82,Bukit Sari,17,Sibagol,396
222/82/18,222,LAWAS,82,Bukit Sari,18,Melusok,793
222/82/19,222,LAWAS,82,Bukit Sari,19,Temangis,543
222/82/20,222,LAWAS,82,Bukit Sari,20,Mission,149
222/82/21,222,LAWAS,82,Bukit Sari,21,Ladang Baru,665
222/82/22,222,LAWAS,82,Bukit Sari,22,Silat,248
